Zip_Code,Company,State
21153,Baltimore Gas & Electric Co,MD
21213,Baltimore Gas & Electric Co,MD
21234,Baltimore Gas & Electric Co,MD
20711,Baltimore Gas & Electric Co,MD
21040,Baltimore Gas & Electric Co,MD
21738,Baltimore Gas & Electric Co,MD
21017,Baltimore Gas & Electric Co,MD
21045,Baltimore Gas & Electric Co,MD
21013,Baltimore Gas & Electric Co,MD
21050,Baltimore Gas & Electric Co,MD
20861,Baltimore Gas & Electric Co,MD
21131,Baltimore Gas & Electric Co,MD
20764,Baltimore Gas & Electric Co,MD
21044,Baltimore Gas & Electric Co,MD
21231,Baltimore Gas & Electric Co,MD
21207,Baltimore Gas & Electric Co,MD
21771,Baltimore Gas & Electric Co,MD
20707,Baltimore Gas & Electric Co,MD
21084,Baltimore Gas & Electric Co,MD
20724,Baltimore Gas & Electric Co,MD
21077,Baltimore Gas & Electric Co,MD
20732,Baltimore Gas & Electric Co,MD
20763,Baltimore Gas & Electric Co,MD
21211,Baltimore Gas & Electric Co,MD
21228,Baltimore Gas & Electric Co,MD
20701,Baltimore Gas & Electric Co,MD
21028,Baltimore Gas & Electric Co,MD
21052,Baltimore Gas & Electric Co,MD
21239,Baltimore Gas & Electric Co,MD
21034,Baltimore Gas & Electric Co,MD
21136,Baltimore Gas & Electric Co,MD
21737,Baltimore Gas & Electric Co,MD
20751,Baltimore Gas & Electric Co,MD
20721,Baltimore Gas & Electric Co,MD
20706,Baltimore Gas & Electric Co,MD
21154,Baltimore Gas & Electric Co,MD
21144,Baltimore Gas & Electric Co,MD
20759,Baltimore Gas & Electric Co,MD
21791,Baltimore Gas & Electric Co,MD
21076,Baltimore Gas & Electric Co,MD
20772,Baltimore Gas & Electric Co,MD
21723,Baltimore Gas & Electric Co,MD
21205,Baltimore Gas & Electric Co,MD
21085,Baltimore Gas & Electric Co,MD
21216,Baltimore Gas & Electric Co,MD
21010,Baltimore Gas & Electric Co,MD
20758,Baltimore Gas & Electric Co,MD
20720,Baltimore Gas & Electric Co,MD
21102,Baltimore Gas & Electric Co,MD
21001,Baltimore Gas & Electric Co,MD
21071,Baltimore Gas & Electric Co,MD
21053,Baltimore Gas & Electric Co,MD
21061,Baltimore Gas & Electric Co,MD
20778,Baltimore Gas & Electric Co,MD
20779,Baltimore Gas & Electric Co,MD
21054,Baltimore Gas & Electric Co,MD
20868,Baltimore Gas & Electric Co,MD
21405,Baltimore Gas & Electric Co,MD
21087,Baltimore Gas & Electric Co,MD
21082,Baltimore Gas & Electric Co,MD
20755,Baltimore Gas & Electric Co,MD
21251,Baltimore Gas & Electric Co,MD
21794,Baltimore Gas & Electric Co,MD
21401,Baltimore Gas & Electric Co,MD
20770,Baltimore Gas & Electric Co,MD
20754,Baltimore Gas & Electric Co,MD
21162,Baltimore Gas & Electric Co,MD
20860,Baltimore Gas & Electric Co,MD
21128,Baltimore Gas & Electric Co,MD
20715,Baltimore Gas & Electric Co,MD
21029,Baltimore Gas & Electric Co,MD
21035,Baltimore Gas & Electric Co,MD
21156,Baltimore Gas & Electric Co,MD
21225,Baltimore Gas & Electric Co,MD
21227,Baltimore Gas & Electric Co,MD
20794,Baltimore Gas & Electric Co,MD
21163,Baltimore Gas & Electric Co,MD
21155,Baltimore Gas & Electric Co,MD
21206,Baltimore Gas & Electric Co,MD
21212,Baltimore Gas & Electric Co,MD
21244,Baltimore Gas & Electric Co,MD
21409,Baltimore Gas & Electric Co,MD
21204,Baltimore Gas & Electric Co,MD
20716,Baltimore Gas & Electric Co,MD
20776,Baltimore Gas & Electric Co,MD
21252,Baltimore Gas & Electric Co,MD
21062,Baltimore Gas & Electric Co,MD
21236,Baltimore Gas & Electric Co,MD
21114,Baltimore Gas & Electric Co,MD
21201,Baltimore Gas & Electric Co,MD
21223,Baltimore Gas & Electric Co,MD
21217,Baltimore Gas & Electric Co,MD
21903,Baltimore Gas & Electric Co,MD
20774,Baltimore Gas & Electric Co,MD
21030,Baltimore Gas & Electric Co,MD
21057,Baltimore Gas & Electric Co,MD
21117,Baltimore Gas & Electric Co,MD
21411,Baltimore Gas & Electric Co,MD
21012,Baltimore Gas & Electric Co,MD
21075,Baltimore Gas & Electric Co,MD
21056,Baltimore Gas & Electric Co,MD
21042,Baltimore Gas & Electric Co,MD
21403,Baltimore Gas & Electric Co,MD
21158,Baltimore Gas & Electric Co,MD
21093,Baltimore Gas & Electric Co,MD
21074,Baltimore Gas & Electric Co,MD
20785,Baltimore Gas & Electric Co,MD
21219,Baltimore Gas & Electric Co,MD
21036,Baltimore Gas & Electric Co,MD
21215,Baltimore Gas & Electric Co,MD
20639,Baltimore Gas & Electric Co,MD
21286,Baltimore Gas & Electric Co,MD
21209,Baltimore Gas & Electric Co,MD
20765,Baltimore Gas & Electric Co,MD
21146,Baltimore Gas & Electric Co,MD
21048,Baltimore Gas & Electric Co,MD
21005,Baltimore Gas & Electric Co,MD
21090,Baltimore Gas & Electric Co,MD
21009,Baltimore Gas & Electric Co,MD
21023,Baltimore Gas & Electric Co,MD
21210,Baltimore Gas & Electric Co,MD
21797,Baltimore Gas & Electric Co,MD
21157,Baltimore Gas & Electric Co,MD
21214,Baltimore Gas & Electric Co,MD
20866,Baltimore Gas & Electric Co,MD
21208,Baltimore Gas & Electric Co,MD
21133,Baltimore Gas & Electric Co,MD
20882,Baltimore Gas & Electric Co,MD
20705,Baltimore Gas & Electric Co,MD
21015,Baltimore Gas & Electric Co,MD
21224,Baltimore Gas & Electric Co,MD
21229,Baltimore Gas & Electric Co,MD
21047,Baltimore Gas & Electric Co,MD
21161,Baltimore Gas & Electric Co,MD
21060,Baltimore Gas & Electric Co,MD
20733,Baltimore Gas & Electric Co,MD
21122,Baltimore Gas & Electric Co,MD
20689,Baltimore Gas & Electric Co,MD
20723,Baltimore Gas & Electric Co,MD
21037,Baltimore Gas & Electric Co,MD
20833,Baltimore Gas & Electric Co,MD
21240,Baltimore Gas & Electric Co,MD
21237,Baltimore Gas & Electric Co,MD
21412,Baltimore Gas & Electric Co,MD
20904,Baltimore Gas & Electric Co,MD
21078,Baltimore Gas & Electric Co,MD
21120,Baltimore Gas & Electric Co,MD
21031,Baltimore Gas & Electric Co,MD
21051,Baltimore Gas & Electric Co,MD
21043,Baltimore Gas & Electric Co,MD
21014,Baltimore Gas & Electric Co,MD
20862,Baltimore Gas & Electric Co,MD
21221,Baltimore Gas & Electric Co,MD
21776,Baltimore Gas & Electric Co,MD
21130,Baltimore Gas & Electric Co,MD
21250,Baltimore Gas & Electric Co,MD
21202,Baltimore Gas & Electric Co,MD
21230,Baltimore Gas & Electric Co,MD
21220,Baltimore Gas & Electric Co,MD
21287,Baltimore Gas & Electric Co,MD
21132,Baltimore Gas & Electric Co,MD
20736,Baltimore Gas & Electric Co,MD
21111,Baltimore Gas & Electric Co,MD
20777,Baltimore Gas & Electric Co,MD
21046,Baltimore Gas & Electric Co,MD
20708,Baltimore Gas & Electric Co,MD
20905,Baltimore Gas & Electric Co,MD
21108,Baltimore Gas & Electric Co,MD
21104,Baltimore Gas & Electric Co,MD
21140,Baltimore Gas & Electric Co,MD
21152,Baltimore Gas & Electric Co,MD
21032,Baltimore Gas & Electric Co,MD
21226,Baltimore Gas & Electric Co,MD
21222,Baltimore Gas & Electric Co,MD
21113,Baltimore Gas & Electric Co,MD
21402,Baltimore Gas & Electric Co,MD
21784,Baltimore Gas & Electric Co,MD
20769,Baltimore Gas & Electric Co,MD
20714,Baltimore Gas & Electric Co,MD
21278,Baltimore Gas & Electric Co,MD
21218,Baltimore Gas & Electric Co,MD
21787,Baltimore Gas & Electric Co,MD
21404,Baltimore Gas & Electric Co,MD
21150,Baltimore Gas & Electric Co,MD
21233,Baltimore Gas & Electric Co,MD
21290,Baltimore Gas & Electric Co,MD
21298,Baltimore Gas & Electric Co,MD
20726,Baltimore Gas & Electric Co,MD
20725,Baltimore Gas & Electric Co,MD
21123,Baltimore Gas & Electric Co,MD
21241,Baltimore Gas & Electric Co,MD
21088,Baltimore Gas & Electric Co,MD
21235,Baltimore Gas & Electric Co,MD
20709,Baltimore Gas & Electric Co,MD
20703,Baltimore Gas & Electric Co,MD
21264,Baltimore Gas & Electric Co,MD
21263,Baltimore Gas & Electric Co,MD
21065,Baltimore Gas & Electric Co,MD
21094,Baltimore Gas & Electric Co,MD
21092,Baltimore Gas & Electric Co,MD
21018,Baltimore Gas & Electric Co,MD
21203,Baltimore Gas & Electric Co,MD
21041,Baltimore Gas & Electric Co,MD
20797,Baltimore Gas & Electric Co,MD
21282,Baltimore Gas & Electric Co,MD
21280,Baltimore Gas & Electric Co,MD
21281,Baltimore Gas & Electric Co,MD
21284,Baltimore Gas & Electric Co,MD
21285,Baltimore Gas & Electric Co,MD
21288,Baltimore Gas & Electric Co,MD
21289,Baltimore Gas & Electric Co,MD
20719,Baltimore Gas & Electric Co,MD
20718,Baltimore Gas & Electric Co,MD
20717,Baltimore Gas & Electric Co,MD
21297,Baltimore Gas & Electric Co,MD
21139,Baltimore Gas & Electric Co,MD
21273,Baltimore Gas & Electric Co,MD
21270,Baltimore Gas & Electric Co,MD
21275,Baltimore Gas & Electric Co,MD
21279,Baltimore Gas & Electric Co,MD
21020,Baltimore Gas & Electric Co,MD
21105,Baltimore Gas & Electric Co,MD
21106,Baltimore Gas & Electric Co,MD
21022,Baltimore Gas & Electric Co,MD
21027,Baltimore Gas & Electric Co,MD
21153,Baltimore Gas & Electric Co,MD
21213,Baltimore Gas & Electric Co,MD
21234,Baltimore Gas & Electric Co,MD
20711,Baltimore Gas & Electric Co,MD
21040,Baltimore Gas & Electric Co,MD
21738,Baltimore Gas & Electric Co,MD
21017,Baltimore Gas & Electric Co,MD
21045,Baltimore Gas & Electric Co,MD
21013,Baltimore Gas & Electric Co,MD
21050,Baltimore Gas & Electric Co,MD
20861,Baltimore Gas & Electric Co,MD
21131,Baltimore Gas & Electric Co,MD
20764,Baltimore Gas & Electric Co,MD
21044,Baltimore Gas & Electric Co,MD
21231,Baltimore Gas & Electric Co,MD
21207,Baltimore Gas & Electric Co,MD
21771,Baltimore Gas & Electric Co,MD
20707,Baltimore Gas & Electric Co,MD
21084,Baltimore Gas & Electric Co,MD
20724,Baltimore Gas & Electric Co,MD
21077,Baltimore Gas & Electric Co,MD
20732,Baltimore Gas & Electric Co,MD
20763,Baltimore Gas & Electric Co,MD
21211,Baltimore Gas & Electric Co,MD
21228,Baltimore Gas & Electric Co,MD
20701,Baltimore Gas & Electric Co,MD
21028,Baltimore Gas & Electric Co,MD
21052,Baltimore Gas & Electric Co,MD
21239,Baltimore Gas & Electric Co,MD
21034,Baltimore Gas & Electric Co,MD
21136,Baltimore Gas & Electric Co,MD
21737,Baltimore Gas & Electric Co,MD
20751,Baltimore Gas & Electric Co,MD
20721,Baltimore Gas & Electric Co,MD
20706,Baltimore Gas & Electric Co,MD
21154,Baltimore Gas & Electric Co,MD
21144,Baltimore Gas & Electric Co,MD
20759,Baltimore Gas & Electric Co,MD
21791,Baltimore Gas & Electric Co,MD
21076,Baltimore Gas & Electric Co,MD
20772,Baltimore Gas & Electric Co,MD
21723,Baltimore Gas & Electric Co,MD
21205,Baltimore Gas & Electric Co,MD
21085,Baltimore Gas & Electric Co,MD
21216,Baltimore Gas & Electric Co,MD
21010,Baltimore Gas & Electric Co,MD
20758,Baltimore Gas & Electric Co,MD
20720,Baltimore Gas & Electric Co,MD
21102,Baltimore Gas & Electric Co,MD
21001,Baltimore Gas & Electric Co,MD
21071,Baltimore Gas & Electric Co,MD
21053,Baltimore Gas & Electric Co,MD
21061,Baltimore Gas & Electric Co,MD
20778,Baltimore Gas & Electric Co,MD
20779,Baltimore Gas & Electric Co,MD
21054,Baltimore Gas & Electric Co,MD
20868,Baltimore Gas & Electric Co,MD
21405,Baltimore Gas & Electric Co,MD
21087,Baltimore Gas & Electric Co,MD
21082,Baltimore Gas & Electric Co,MD
20755,Baltimore Gas & Electric Co,MD
21251,Baltimore Gas & Electric Co,MD
21794,Baltimore Gas & Electric Co,MD
21401,Baltimore Gas & Electric Co,MD
20770,Baltimore Gas & Electric Co,MD
20754,Baltimore Gas & Electric Co,MD
21162,Baltimore Gas & Electric Co,MD
20860,Baltimore Gas & Electric Co,MD
21128,Baltimore Gas & Electric Co,MD
20715,Baltimore Gas & Electric Co,MD
21029,Baltimore Gas & Electric Co,MD
21035,Baltimore Gas & Electric Co,MD
21156,Baltimore Gas & Electric Co,MD
21225,Baltimore Gas & Electric Co,MD
21227,Baltimore Gas & Electric Co,MD
20794,Baltimore Gas & Electric Co,MD
21163,Baltimore Gas & Electric Co,MD
21155,Baltimore Gas & Electric Co,MD
21206,Baltimore Gas & Electric Co,MD
21212,Baltimore Gas & Electric Co,MD
21244,Baltimore Gas & Electric Co,MD
21409,Baltimore Gas & Electric Co,MD
21204,Baltimore Gas & Electric Co,MD
20716,Baltimore Gas & Electric Co,MD
20776,Baltimore Gas & Electric Co,MD
21252,Baltimore Gas & Electric Co,MD
21062,Baltimore Gas & Electric Co,MD
21236,Baltimore Gas & Electric Co,MD
21114,Baltimore Gas & Electric Co,MD
21201,Baltimore Gas & Electric Co,MD
21223,Baltimore Gas & Electric Co,MD
21217,Baltimore Gas & Electric Co,MD
21903,Baltimore Gas & Electric Co,MD
20774,Baltimore Gas & Electric Co,MD
21030,Baltimore Gas & Electric Co,MD
21057,Baltimore Gas & Electric Co,MD
21117,Baltimore Gas & Electric Co,MD
21411,Baltimore Gas & Electric Co,MD
21012,Baltimore Gas & Electric Co,MD
21075,Baltimore Gas & Electric Co,MD
21056,Baltimore Gas & Electric Co,MD
21042,Baltimore Gas & Electric Co,MD
21403,Baltimore Gas & Electric Co,MD
21158,Baltimore Gas & Electric Co,MD
21093,Baltimore Gas & Electric Co,MD
21074,Baltimore Gas & Electric Co,MD
20785,Baltimore Gas & Electric Co,MD
21219,Baltimore Gas & Electric Co,MD
21036,Baltimore Gas & Electric Co,MD
21215,Baltimore Gas & Electric Co,MD
20639,Baltimore Gas & Electric Co,MD
21286,Baltimore Gas & Electric Co,MD
21209,Baltimore Gas & Electric Co,MD
20765,Baltimore Gas & Electric Co,MD
21146,Baltimore Gas & Electric Co,MD
21048,Baltimore Gas & Electric Co,MD
21005,Baltimore Gas & Electric Co,MD
21090,Baltimore Gas & Electric Co,MD
21009,Baltimore Gas & Electric Co,MD
21023,Baltimore Gas & Electric Co,MD
21210,Baltimore Gas & Electric Co,MD
21797,Baltimore Gas & Electric Co,MD
21157,Baltimore Gas & Electric Co,MD
21214,Baltimore Gas & Electric Co,MD
20866,Baltimore Gas & Electric Co,MD
21208,Baltimore Gas & Electric Co,MD
21133,Baltimore Gas & Electric Co,MD
20882,Baltimore Gas & Electric Co,MD
20705,Baltimore Gas & Electric Co,MD
21015,Baltimore Gas & Electric Co,MD
21224,Baltimore Gas & Electric Co,MD
21229,Baltimore Gas & Electric Co,MD
21047,Baltimore Gas & Electric Co,MD
21161,Baltimore Gas & Electric Co,MD
21060,Baltimore Gas & Electric Co,MD
20733,Baltimore Gas & Electric Co,MD
21122,Baltimore Gas & Electric Co,MD
20689,Baltimore Gas & Electric Co,MD
20723,Baltimore Gas & Electric Co,MD
21037,Baltimore Gas & Electric Co,MD
20833,Baltimore Gas & Electric Co,MD
21240,Baltimore Gas & Electric Co,MD
21237,Baltimore Gas & Electric Co,MD
21412,Baltimore Gas & Electric Co,MD
20904,Baltimore Gas & Electric Co,MD
21078,Baltimore Gas & Electric Co,MD
21120,Baltimore Gas & Electric Co,MD
21031,Baltimore Gas & Electric Co,MD
21051,Baltimore Gas & Electric Co,MD
21043,Baltimore Gas & Electric Co,MD
21014,Baltimore Gas & Electric Co,MD
20862,Baltimore Gas & Electric Co,MD
21221,Baltimore Gas & Electric Co,MD
21776,Baltimore Gas & Electric Co,MD
21130,Baltimore Gas & Electric Co,MD
21250,Baltimore Gas & Electric Co,MD
21202,Baltimore Gas & Electric Co,MD
21230,Baltimore Gas & Electric Co,MD
21220,Baltimore Gas & Electric Co,MD
21287,Baltimore Gas & Electric Co,MD
21132,Baltimore Gas & Electric Co,MD
20736,Baltimore Gas & Electric Co,MD
21111,Baltimore Gas & Electric Co,MD
20777,Baltimore Gas & Electric Co,MD
21046,Baltimore Gas & Electric Co,MD
20708,Baltimore Gas & Electric Co,MD
20905,Baltimore Gas & Electric Co,MD
21108,Baltimore Gas & Electric Co,MD
21104,Baltimore Gas & Electric Co,MD
21140,Baltimore Gas & Electric Co,MD
21152,Baltimore Gas & Electric Co,MD
21032,Baltimore Gas & Electric Co,MD
21226,Baltimore Gas & Electric Co,MD
21222,Baltimore Gas & Electric Co,MD
21113,Baltimore Gas & Electric Co,MD
21402,Baltimore Gas & Electric Co,MD
21784,Baltimore Gas & Electric Co,MD
20769,Baltimore Gas & Electric Co,MD
20714,Baltimore Gas & Electric Co,MD
21278,Baltimore Gas & Electric Co,MD
21218,Baltimore Gas & Electric Co,MD
21787,Baltimore Gas & Electric Co,MD
21404,Baltimore Gas & Electric Co,MD
21150,Baltimore Gas & Electric Co,MD
21233,Baltimore Gas & Electric Co,MD
21290,Baltimore Gas & Electric Co,MD
21298,Baltimore Gas & Electric Co,MD
20726,Baltimore Gas & Electric Co,MD
20725,Baltimore Gas & Electric Co,MD
21123,Baltimore Gas & Electric Co,MD
21241,Baltimore Gas & Electric Co,MD
21088,Baltimore Gas & Electric Co,MD
21235,Baltimore Gas & Electric Co,MD
20709,Baltimore Gas & Electric Co,MD
20703,Baltimore Gas & Electric Co,MD
21264,Baltimore Gas & Electric Co,MD
21263,Baltimore Gas & Electric Co,MD
21065,Baltimore Gas & Electric Co,MD
21094,Baltimore Gas & Electric Co,MD
21092,Baltimore Gas & Electric Co,MD
21018,Baltimore Gas & Electric Co,MD
21203,Baltimore Gas & Electric Co,MD
21041,Baltimore Gas & Electric Co,MD
20797,Baltimore Gas & Electric Co,MD
21282,Baltimore Gas & Electric Co,MD
21280,Baltimore Gas & Electric Co,MD
21281,Baltimore Gas & Electric Co,MD
21284,Baltimore Gas & Electric Co,MD
21285,Baltimore Gas & Electric Co,MD
21288,Baltimore Gas & Electric Co,MD
21289,Baltimore Gas & Electric Co,MD
20719,Baltimore Gas & Electric Co,MD
20718,Baltimore Gas & Electric Co,MD
20717,Baltimore Gas & Electric Co,MD
21297,Baltimore Gas & Electric Co,MD
21139,Baltimore Gas & Electric Co,MD
21273,Baltimore Gas & Electric Co,MD
21270,Baltimore Gas & Electric Co,MD
21275,Baltimore Gas & Electric Co,MD
21279,Baltimore Gas & Electric Co,MD
21020,Baltimore Gas & Electric Co,MD
21105,Baltimore Gas & Electric Co,MD
21106,Baltimore Gas & Electric Co,MD
21022,Baltimore Gas & Electric Co,MD
21027,Baltimore Gas & Electric Co,MD
19963,Delmarva Power,DE
19958,Delmarva Power,DE
19930,Delmarva Power,DE
19709,Delmarva Power,DE
19944,Delmarva Power,DE
19975,Delmarva Power,DE
19945,Delmarva Power,DE
19732,Delmarva Power,DE
19979,Delmarva Power,DE
19730,Delmarva Power,DE
19940,Delmarva Power,DE
19938,Delmarva Power,DE
19931,Delmarva Power,DE
19951,Delmarva Power,DE
19904,Delmarva Power,DE
19956,Delmarva Power,DE
19968,Delmarva Power,DE
19801,Delmarva Power,DE
19884,Delmarva Power,DE
19711,Delmarva Power,DE
19734,Delmarva Power,DE
19967,Delmarva Power,DE
19973,Delmarva Power,DE
19706,Delmarva Power,DE
19934,Delmarva Power,DE
19808,Delmarva Power,DE
19804,Delmarva Power,DE
19720,Delmarva Power,DE
19962,Delmarva Power,DE
19716,Delmarva Power,DE
19953,Delmarva Power,DE
19939,Delmarva Power,DE
19901,Delmarva Power,DE
19713,Delmarva Power,DE
19803,Delmarva Power,DE
19966,Delmarva Power,DE
19735,Delmarva Power,DE
19977,Delmarva Power,DE
19943,Delmarva Power,DE
19802,Delmarva Power,DE
19970,Delmarva Power,DE
19703,Delmarva Power,DE
19936,Delmarva Power,DE
19952,Delmarva Power,DE
19717,Delmarva Power,DE
19950,Delmarva Power,DE
19707,Delmarva Power,DE
19947,Delmarva Power,DE
19733,Delmarva Power,DE
19933,Delmarva Power,DE
19809,Delmarva Power,DE
19954,Delmarva Power,DE
19971,Delmarva Power,DE
19701,Delmarva Power,DE
19702,Delmarva Power,DE
19941,Delmarva Power,DE
19946,Delmarva Power,DE
19805,Delmarva Power,DE
19731,Delmarva Power,DE
19736,Delmarva Power,DE
19960,Delmarva Power,DE
19964,Delmarva Power,DE
19807,Delmarva Power,DE
19810,Delmarva Power,DE
19806,Delmarva Power,DE
19721,Delmarva Power,DE
19894,Delmarva Power,DE
19895,Delmarva Power,DE
19896,Delmarva Power,DE
19897,Delmarva Power,DE
19890,Delmarva Power,DE
19891,Delmarva Power,DE
19892,Delmarva Power,DE
19893,Delmarva Power,DE
19898,Delmarva Power,DE
19899,Delmarva Power,DE
19850,Delmarva Power,DE
19708,Delmarva Power,DE
19880,Delmarva Power,DE
19886,Delmarva Power,DE
19885,Delmarva Power,DE
19969,Delmarva Power,DE
19955,Delmarva Power,DE
19718,Delmarva Power,DE
19712,Delmarva Power,DE
19710,Delmarva Power,DE
21904,Delmarva Power,MD
21864,Delmarva Power,MD
21638,Delmarva Power,MD
21626,Delmarva Power,MD
21849,Delmarva Power,MD
21918,Delmarva Power,MD
21622,Delmarva Power,MD
21655,Delmarva Power,MD
21679,Delmarva Power,MD
21824,Delmarva Power,MD
21641,Delmarva Power,MD
21050,Delmarva Power,MD
21902,Delmarva Power,MD
21631,Delmarva Power,MD
21671,Delmarva Power,MD
21664,Delmarva Power,MD
21625,Delmarva Power,MD
21620,Delmarva Power,MD
21619,Delmarva Power,MD
21084,Delmarva Power,MD
21665,Delmarva Power,MD
21837,Delmarva Power,MD
21841,Delmarva Power,MD
21607,Delmarva Power,MD
21817,Delmarva Power,MD
21624,Delmarva Power,MD
21914,Delmarva Power,MD
21028,Delmarva Power,MD
21801,Delmarva Power,MD
21034,Delmarva Power,MD
21930,Delmarva Power,MD
21645,Delmarva Power,MD
21154,Delmarva Power,MD
21678,Delmarva Power,MD
21913,Delmarva Power,MD
21657,Delmarva Power,MD
21613,Delmarva Power,MD
21628,Delmarva Power,MD
21822,Delmarva Power,MD
21649,Delmarva Power,MD
21612,Delmarva Power,MD
21643,Delmarva Power,MD
21601,Delmarva Power,MD
21666,Delmarva Power,MD
21890,Delmarva Power,MD
21901,Delmarva Power,MD
21640,Delmarva Power,MD
21850,Delmarva Power,MD
21919,Delmarva Power,MD
21650,Delmarva Power,MD
21872,Delmarva Power,MD
21617,Delmarva Power,MD
21829,Delmarva Power,MD
21623,Delmarva Power,MD
21875,Delmarva Power,MD
21661,Delmarva Power,MD
21634,Delmarva Power,MD
21838,Delmarva Power,MD
21869,Delmarva Power,MD
21811,Delmarva Power,MD
21903,Delmarva Power,MD
21662,Delmarva Power,MD
21627,Delmarva Power,MD
21851,Delmarva Power,MD
21813,Delmarva Power,MD
21663,Delmarva Power,MD
21912,Delmarva Power,MD
21856,Delmarva Power,MD
21667,Delmarva Power,MD
21659,Delmarva Power,MD
21658,Delmarva Power,MD
21668,Delmarva Power,MD
21920,Delmarva Power,MD
21871,Delmarva Power,MD
21636,Delmarva Power,MD
21861,Delmarva Power,MD
21921,Delmarva Power,MD
21865,Delmarva Power,MD
21648,Delmarva Power,MD
21915,Delmarva Power,MD
21874,Delmarva Power,MD
21160,Delmarva Power,MD
21814,Delmarva Power,MD
21651,Delmarva Power,MD
21911,Delmarva Power,MD
21863,Delmarva Power,MD
21647,Delmarva Power,MD
21015,Delmarva Power,MD
21660,Delmarva Power,MD
21610,Delmarva Power,MD
21826,Delmarva Power,MD
21677,Delmarva Power,MD
21672,Delmarva Power,MD
21853,Delmarva Power,MD
21842,Delmarva Power,MD
21078,Delmarva Power,MD
21635,Delmarva Power,MD
21629,Delmarva Power,MD
21673,Delmarva Power,MD
21810,Delmarva Power,MD
21676,Delmarva Power,MD
21830,Delmarva Power,MD
21132,Delmarva Power,MD
21840,Delmarva Power,MD
21862,Delmarva Power,MD
21639,Delmarva Power,MD
21632,Delmarva Power,MD
21821,Delmarva Power,MD
21652,Delmarva Power,MD
21804,Delmarva Power,MD
21654,Delmarva Power,MD
21917,Delmarva Power,MD
21653,Delmarva Power,MD
21852,Delmarva Power,MD
21922,Delmarva Power,MD
21802,Delmarva Power,MD
21803,Delmarva Power,MD
21836,Delmarva Power,MD
21916,Delmarva Power,MD
21670,Delmarva Power,MD
21690,Delmarva Power,MD
21843,Delmarva Power,MD
19963,Delmarva Power,DE
19958,Delmarva Power,DE
19930,Delmarva Power,DE
19709,Delmarva Power,DE
19944,Delmarva Power,DE
19975,Delmarva Power,DE
19945,Delmarva Power,DE
19732,Delmarva Power,DE
19979,Delmarva Power,DE
19730,Delmarva Power,DE
19940,Delmarva Power,DE
19938,Delmarva Power,DE
19931,Delmarva Power,DE
19951,Delmarva Power,DE
19904,Delmarva Power,DE
19956,Delmarva Power,DE
19968,Delmarva Power,DE
19801,Delmarva Power,DE
19884,Delmarva Power,DE
19711,Delmarva Power,DE
19734,Delmarva Power,DE
19967,Delmarva Power,DE
19973,Delmarva Power,DE
19706,Delmarva Power,DE
19934,Delmarva Power,DE
19808,Delmarva Power,DE
19804,Delmarva Power,DE
19720,Delmarva Power,DE
19962,Delmarva Power,DE
19716,Delmarva Power,DE
19953,Delmarva Power,DE
19939,Delmarva Power,DE
19901,Delmarva Power,DE
19713,Delmarva Power,DE
19803,Delmarva Power,DE
19966,Delmarva Power,DE
19735,Delmarva Power,DE
19977,Delmarva Power,DE
19943,Delmarva Power,DE
19802,Delmarva Power,DE
19970,Delmarva Power,DE
19703,Delmarva Power,DE
19936,Delmarva Power,DE
19952,Delmarva Power,DE
19717,Delmarva Power,DE
19950,Delmarva Power,DE
19707,Delmarva Power,DE
19947,Delmarva Power,DE
19733,Delmarva Power,DE
19933,Delmarva Power,DE
19809,Delmarva Power,DE
19954,Delmarva Power,DE
19971,Delmarva Power,DE
19701,Delmarva Power,DE
19702,Delmarva Power,DE
19941,Delmarva Power,DE
19946,Delmarva Power,DE
19805,Delmarva Power,DE
19731,Delmarva Power,DE
19736,Delmarva Power,DE
19960,Delmarva Power,DE
19964,Delmarva Power,DE
19807,Delmarva Power,DE
19810,Delmarva Power,DE
19806,Delmarva Power,DE
19721,Delmarva Power,DE
19894,Delmarva Power,DE
19895,Delmarva Power,DE
19896,Delmarva Power,DE
19897,Delmarva Power,DE
19890,Delmarva Power,DE
19891,Delmarva Power,DE
19892,Delmarva Power,DE
19893,Delmarva Power,DE
19898,Delmarva Power,DE
19899,Delmarva Power,DE
19850,Delmarva Power,DE
19708,Delmarva Power,DE
19880,Delmarva Power,DE
19886,Delmarva Power,DE
19885,Delmarva Power,DE
19969,Delmarva Power,DE
19955,Delmarva Power,DE
19718,Delmarva Power,DE
19712,Delmarva Power,DE
19710,Delmarva Power,DE
21904,Delmarva Power,MD
21864,Delmarva Power,MD
21638,Delmarva Power,MD
21626,Delmarva Power,MD
21849,Delmarva Power,MD
21918,Delmarva Power,MD
21622,Delmarva Power,MD
21655,Delmarva Power,MD
21679,Delmarva Power,MD
21824,Delmarva Power,MD
21641,Delmarva Power,MD
21050,Delmarva Power,MD
21902,Delmarva Power,MD
21631,Delmarva Power,MD
21671,Delmarva Power,MD
21664,Delmarva Power,MD
21625,Delmarva Power,MD
21620,Delmarva Power,MD
21619,Delmarva Power,MD
21084,Delmarva Power,MD
21665,Delmarva Power,MD
21837,Delmarva Power,MD
21841,Delmarva Power,MD
21607,Delmarva Power,MD
21817,Delmarva Power,MD
21624,Delmarva Power,MD
21914,Delmarva Power,MD
21028,Delmarva Power,MD
21801,Delmarva Power,MD
21034,Delmarva Power,MD
21930,Delmarva Power,MD
21645,Delmarva Power,MD
21154,Delmarva Power,MD
21678,Delmarva Power,MD
21913,Delmarva Power,MD
21657,Delmarva Power,MD
21613,Delmarva Power,MD
21628,Delmarva Power,MD
21822,Delmarva Power,MD
21649,Delmarva Power,MD
21612,Delmarva Power,MD
21643,Delmarva Power,MD
21601,Delmarva Power,MD
21666,Delmarva Power,MD
21890,Delmarva Power,MD
21901,Delmarva Power,MD
21640,Delmarva Power,MD
21850,Delmarva Power,MD
21919,Delmarva Power,MD
21650,Delmarva Power,MD
21872,Delmarva Power,MD
21617,Delmarva Power,MD
21829,Delmarva Power,MD
21623,Delmarva Power,MD
21875,Delmarva Power,MD
21661,Delmarva Power,MD
21634,Delmarva Power,MD
21838,Delmarva Power,MD
21869,Delmarva Power,MD
21811,Delmarva Power,MD
21903,Delmarva Power,MD
21662,Delmarva Power,MD
21627,Delmarva Power,MD
21851,Delmarva Power,MD
21813,Delmarva Power,MD
21663,Delmarva Power,MD
21912,Delmarva Power,MD
21856,Delmarva Power,MD
21667,Delmarva Power,MD
21659,Delmarva Power,MD
21658,Delmarva Power,MD
21668,Delmarva Power,MD
21920,Delmarva Power,MD
21871,Delmarva Power,MD
21636,Delmarva Power,MD
21861,Delmarva Power,MD
21921,Delmarva Power,MD
21865,Delmarva Power,MD
21648,Delmarva Power,MD
21915,Delmarva Power,MD
21874,Delmarva Power,MD
21160,Delmarva Power,MD
21814,Delmarva Power,MD
21651,Delmarva Power,MD
21911,Delmarva Power,MD
21863,Delmarva Power,MD
21647,Delmarva Power,MD
21015,Delmarva Power,MD
21660,Delmarva Power,MD
21610,Delmarva Power,MD
21826,Delmarva Power,MD
21677,Delmarva Power,MD
21672,Delmarva Power,MD
21853,Delmarva Power,MD
21842,Delmarva Power,MD
21078,Delmarva Power,MD
21635,Delmarva Power,MD
21629,Delmarva Power,MD
21673,Delmarva Power,MD
21810,Delmarva Power,MD
21676,Delmarva Power,MD
21830,Delmarva Power,MD
21132,Delmarva Power,MD
21840,Delmarva Power,MD
21862,Delmarva Power,MD
21639,Delmarva Power,MD
21632,Delmarva Power,MD
21821,Delmarva Power,MD
21652,Delmarva Power,MD
21804,Delmarva Power,MD
21654,Delmarva Power,MD
21917,Delmarva Power,MD
21653,Delmarva Power,MD
21852,Delmarva Power,MD
21922,Delmarva Power,MD
21802,Delmarva Power,MD
21803,Delmarva Power,MD
21836,Delmarva Power,MD
21916,Delmarva Power,MD
21670,Delmarva Power,MD
21690,Delmarva Power,MD
21843,Delmarva Power,MD
21550,The Potomac Edison Company,MD
21530,The Potomac Edison Company,MD
21793,The Potomac Edison Company,MD
21783,The Potomac Edison Company,MD
20886,The Potomac Edison Company,MD
20876,The Potomac Edison Company,MD
20841,The Potomac Edison Company,MD
21716,The Potomac Edison Company,MD
21767,The Potomac Edison Company,MD
21778,The Potomac Edison Company,MD
21733,The Potomac Edison Company,MD
21790,The Potomac Edison Company,MD
21521,The Potomac Edison Company,MD
21703,The Potomac Edison Company,MD
21704,The Potomac Edison Company,MD
21771,The Potomac Edison Company,MD
21774,The Potomac Edison Company,MD
21773,The Potomac Edison Company,MD
21756,The Potomac Edison Company,MD
21540,The Potomac Edison Company,MD
21770,The Potomac Edison Company,MD
21727,The Potomac Edison Company,MD
21539,The Potomac Edison Company,MD
21791,The Potomac Edison Company,MD
21522,The Potomac Edison Company,MD
21779,The Potomac Edison Company,MD
21757,The Potomac Edison Company,MD
20872,The Potomac Edison Company,MD
21711,The Potomac Edison Company,MD
21755,The Potomac Edison Company,MD
21502,The Potomac Edison Company,MD
21532,The Potomac Edison Company,MD
21524,The Potomac Edison Company,MD
21769,The Potomac Edison Company,MD
21766,The Potomac Edison Company,MD
20874,The Potomac Edison Company,MD
20871,The Potomac Edison Company,MD
20842,The Potomac Edison Company,MD
21788,The Potomac Edison Company,MD
21717,The Potomac Edison Company,MD
21555,The Potomac Edison Company,MD
21777,The Potomac Edison Company,MD
21780,The Potomac Edison Company,MD
20837,The Potomac Edison Company,MD
21541,The Potomac Edison Company,MD
21762,The Potomac Edison Company,MD
21557,The Potomac Edison Company,MD
21713,The Potomac Edison Company,MD
21158,The Potomac Edison Company,MD
21710,The Potomac Edison Company,MD
20838,The Potomac Edison Company,MD
21722,The Potomac Edison Company,MD
21531,The Potomac Edison Company,MD
21795,The Potomac Edison Company,MD
21701,The Potomac Edison Company,MD
21715,The Potomac Edison Company,MD
21782,The Potomac Edison Company,MD
21529,The Potomac Edison Company,MD
21797,The Potomac Edison Company,MD
21157,The Potomac Edison Company,MD
21561,The Potomac Edison Company,MD
21719,The Potomac Edison Company,MD
20882,The Potomac Edison Company,MD
21536,The Potomac Edison Company,MD
21754,The Potomac Edison Company,MD
21798,The Potomac Edison Company,MD
21740,The Potomac Edison Company,MD
20833,The Potomac Edison Company,MD
21702,The Potomac Edison Company,MD
21545,The Potomac Edison Company,MD
21718,The Potomac Edison Company,MD
20839,The Potomac Edison Company,MD
21750,The Potomac Edison Company,MD
21776,The Potomac Edison Company,MD
21523,The Potomac Edison Company,MD
21562,The Potomac Edison Company,MD
21709,The Potomac Edison Company,MD
21520,The Potomac Edison Company,MD
21538,The Potomac Edison Company,MD
21742,The Potomac Edison Company,MD
21758,The Potomac Edison Company,MD
21784,The Potomac Edison Company,MD
21787,The Potomac Edison Company,MD
21721,The Potomac Edison Company,MD
21720,The Potomac Edison Company,MD
21775,The Potomac Edison Company,MD
21543,The Potomac Edison Company,MD
21505,The Potomac Edison Company,MD
21504,The Potomac Edison Company,MD
21503,The Potomac Edison Company,MD
21705,The Potomac Edison Company,MD
21542,The Potomac Edison Company,MD
21781,The Potomac Edison Company,MD
21560,The Potomac Edison Company,MD
21765,The Potomac Edison Company,MD
21759,The Potomac Edison Company,MD
20875,The Potomac Edison Company,MD
21501,The Potomac Edison Company,MD
21528,The Potomac Edison Company,MD
21747,The Potomac Edison Company,MD
21746,The Potomac Edison Company,MD
21556,The Potomac Edison Company,MD
21714,The Potomac Edison Company,MD
21792,The Potomac Edison Company,MD
25427,The Potomac Edison Company,WV
26722,The Potomac Edison Company,WV
25411,The Potomac Edison Company,WV
26726,The Potomac Edison Company,WV
26739,The Potomac Edison Company,WV
26767,The Potomac Edison Company,WV
26764,The Potomac Edison Company,WV
25422,The Potomac Edison Company,WV
25425,The Potomac Edison Company,WV
25404,The Potomac Edison Company,WV
25434,The Potomac Edison Company,WV
26716,The Potomac Edison Company,WV
25443,The Potomac Edison Company,WV
26717,The Potomac Edison Company,WV
26720,The Potomac Edison Company,WV
26719,The Potomac Edison Company,WV
26705,The Potomac Edison Company,WV
26753,The Potomac Edison Company,WV
25419,The Potomac Edison Company,WV
26750,The Potomac Edison Company,WV
26707,The Potomac Edison Company,WV
21550,The Potomac Edison Company,MD
21530,The Potomac Edison Company,MD
21793,The Potomac Edison Company,MD
21783,The Potomac Edison Company,MD
20886,The Potomac Edison Company,MD
20876,The Potomac Edison Company,MD
20841,The Potomac Edison Company,MD
21716,The Potomac Edison Company,MD
21767,The Potomac Edison Company,MD
21778,The Potomac Edison Company,MD
21733,The Potomac Edison Company,MD
21790,The Potomac Edison Company,MD
21521,The Potomac Edison Company,MD
21703,The Potomac Edison Company,MD
21704,The Potomac Edison Company,MD
21771,The Potomac Edison Company,MD
21774,The Potomac Edison Company,MD
21773,The Potomac Edison Company,MD
21756,The Potomac Edison Company,MD
21540,The Potomac Edison Company,MD
21770,The Potomac Edison Company,MD
21727,The Potomac Edison Company,MD
21539,The Potomac Edison Company,MD
21791,The Potomac Edison Company,MD
21522,The Potomac Edison Company,MD
21779,The Potomac Edison Company,MD
21757,The Potomac Edison Company,MD
20872,The Potomac Edison Company,MD
21711,The Potomac Edison Company,MD
21755,The Potomac Edison Company,MD
21502,The Potomac Edison Company,MD
21532,The Potomac Edison Company,MD
21524,The Potomac Edison Company,MD
21769,The Potomac Edison Company,MD
21766,The Potomac Edison Company,MD
20874,The Potomac Edison Company,MD
20871,The Potomac Edison Company,MD
20842,The Potomac Edison Company,MD
21788,The Potomac Edison Company,MD
21717,The Potomac Edison Company,MD
21555,The Potomac Edison Company,MD
21777,The Potomac Edison Company,MD
21780,The Potomac Edison Company,MD
20837,The Potomac Edison Company,MD
21541,The Potomac Edison Company,MD
21762,The Potomac Edison Company,MD
21557,The Potomac Edison Company,MD
21713,The Potomac Edison Company,MD
21158,The Potomac Edison Company,MD
21710,The Potomac Edison Company,MD
20838,The Potomac Edison Company,MD
21722,The Potomac Edison Company,MD
21531,The Potomac Edison Company,MD
21795,The Potomac Edison Company,MD
21701,The Potomac Edison Company,MD
21715,The Potomac Edison Company,MD
21782,The Potomac Edison Company,MD
21529,The Potomac Edison Company,MD
21797,The Potomac Edison Company,MD
21157,The Potomac Edison Company,MD
21561,The Potomac Edison Company,MD
21719,The Potomac Edison Company,MD
20882,The Potomac Edison Company,MD
21536,The Potomac Edison Company,MD
21754,The Potomac Edison Company,MD
21798,The Potomac Edison Company,MD
21740,The Potomac Edison Company,MD
20833,The Potomac Edison Company,MD
21702,The Potomac Edison Company,MD
21545,The Potomac Edison Company,MD
21718,The Potomac Edison Company,MD
20839,The Potomac Edison Company,MD
21750,The Potomac Edison Company,MD
21776,The Potomac Edison Company,MD
21523,The Potomac Edison Company,MD
21562,The Potomac Edison Company,MD
21709,The Potomac Edison Company,MD
21520,The Potomac Edison Company,MD
21538,The Potomac Edison Company,MD
21742,The Potomac Edison Company,MD
21758,The Potomac Edison Company,MD
21784,The Potomac Edison Company,MD
21787,The Potomac Edison Company,MD
21721,The Potomac Edison Company,MD
21720,The Potomac Edison Company,MD
21775,The Potomac Edison Company,MD
21543,The Potomac Edison Company,MD
21505,The Potomac Edison Company,MD
21504,The Potomac Edison Company,MD
21503,The Potomac Edison Company,MD
21705,The Potomac Edison Company,MD
21542,The Potomac Edison Company,MD
21781,The Potomac Edison Company,MD
21560,The Potomac Edison Company,MD
21765,The Potomac Edison Company,MD
21759,The Potomac Edison Company,MD
20875,The Potomac Edison Company,MD
21501,The Potomac Edison Company,MD
21528,The Potomac Edison Company,MD
21747,The Potomac Edison Company,MD
21746,The Potomac Edison Company,MD
21556,The Potomac Edison Company,MD
21714,The Potomac Edison Company,MD
21792,The Potomac Edison Company,MD
20408,Potomac Electric Power Co,DC
20560,Potomac Electric Power Co,DC
20375,Potomac Electric Power Co,DC
20062,Potomac Electric Power Co,DC
20059,Potomac Electric Power Co,DC
20015,Potomac Electric Power Co,DC
20226,Potomac Electric Power Co,DC
20565,Potomac Electric Power Co,DC
20213,Potomac Electric Power Co,DC
20003,Potomac Electric Power Co,DC
20585,Potomac Electric Power Co,DC
20301,Potomac Electric Power Co,DC
20393,Potomac Electric Power Co,DC
20037,Potomac Electric Power Co,DC
20319,Potomac Electric Power Co,DC
20017,Potomac Electric Power Co,DC
20240,Potomac Electric Power Co,DC
20006,Potomac Electric Power Co,DC
20534,Potomac Electric Power Co,DC
20011,Potomac Electric Power Co,DC
20201,Potomac Electric Power Co,DC
20057,Potomac Electric Power Co,DC
20052,Potomac Electric Power Co,DC
20543,Potomac Electric Power Co,DC
20373,Potomac Electric Power Co,DC
20566,Potomac Electric Power Co,DC
20049,Potomac Electric Power Co,DC
20032,Potomac Electric Power Co,DC
20250,Potomac Electric Power Co,DC
20007,Potomac Electric Power Co,DC
20221,Potomac Electric Power Co,DC
20415,Potomac Electric Power Co,DC
20303,Potomac Electric Power Co,DC
20002,Potomac Electric Power Co,DC
20005,Potomac Electric Power Co,DC
20001,Potomac Electric Power Co,DC
20597,Potomac Electric Power Co,DC
20228,Potomac Electric Power Co,DC
20502,Potomac Electric Power Co,DC
20437,Potomac Electric Power Co,DC
20431,Potomac Electric Power Co,DC
20460,Potomac Electric Power Co,DC
20515,Potomac Electric Power Co,DC
20012,Potomac Electric Power Co,DC
20503,Potomac Electric Power Co,DC
20447,Potomac Electric Power Co,DC
20418,Potomac Electric Power Co,DC
20016,Potomac Electric Power Co,DC
20242,Potomac Electric Power Co,DC
20508,Potomac Electric Power Co,DC
20500,Potomac Electric Power Co,DC
20390,Potomac Electric Power Co,DC
20551,Potomac Electric Power Co,DC
20523,Potomac Electric Power Co,DC
20008,Potomac Electric Power Co,DC
20227,Potomac Electric Power Co,DC
20036,Potomac Electric Power Co,DC
20009,Potomac Electric Power Co,DC
20427,Potomac Electric Power Co,DC
20372,Potomac Electric Power Co,DC
20020,Potomac Electric Power Co,DC
20024,Potomac Electric Power Co,DC
20593,Potomac Electric Power Co,DC
20230,Potomac Electric Power Co,DC
20405,Potomac Electric Power Co,DC
20436,Potomac Electric Power Co,DC
20019,Potomac Electric Power Co,DC
20520,Potomac Electric Power Co,DC
20580,Potomac Electric Power Co,DC
20317,Potomac Electric Power Co,DC
20004,Potomac Electric Power Co,DC
20422,Potomac Electric Power Co,DC
20535,Potomac Electric Power Co,DC
20010,Potomac Electric Power Co,DC
20547,Potomac Electric Power Co,DC
20552,Potomac Electric Power Co,DC
20530,Potomac Electric Power Co,DC
20202,Potomac Electric Power Co,DC
20229,Potomac Electric Power Co,DC
20018,Potomac Electric Power Co,DC
20441,Potomac Electric Power Co,DC
20251,Potomac Electric Power Co,DC
20254,Potomac Electric Power Co,DC
20594,Potomac Electric Power Co,DC
20082,Potomac Electric Power Co,DC
20081,Potomac Electric Power Co,DC
20080,Potomac Electric Power Co,DC
56972,Potomac Electric Power Co,DC
20355,Potomac Electric Power Co,DC
20350,Potomac Electric Power Co,DC
20440,Potomac Electric Power Co,DC
20013,Potomac Electric Power Co,DC
20546,Potomac Electric Power Co,DC
20212,Potomac Electric Power Co,DC
20220,Potomac Electric Power Co,DC
20224,Potomac Electric Power Co,DC
20521,Potomac Electric Power Co,DC
20522,Potomac Electric Power Co,DC
20524,Potomac Electric Power Co,DC
20525,Potomac Electric Power Co,DC
20526,Potomac Electric Power Co,DC
20527,Potomac Electric Power Co,DC
20528,Potomac Electric Power Co,DC
20529,Potomac Electric Power Co,DC
20098,Potomac Electric Power Co,DC
20090,Potomac Electric Power Co,DC
20091,Potomac Electric Power Co,DC
20097,Potomac Electric Power Co,DC
20414,Potomac Electric Power Co,DC
20416,Potomac Electric Power Co,DC
20410,Potomac Electric Power Co,DC
20411,Potomac Electric Power Co,DC
20413,Potomac Electric Power Co,DC
20061,Potomac Electric Power Co,DC
20306,Potomac Electric Power Co,DC
20307,Potomac Electric Power Co,DC
20065,Potomac Electric Power Co,DC
20064,Potomac Electric Power Co,DC
20067,Potomac Electric Power Co,DC
20066,Potomac Electric Power Co,DC
20063,Potomac Electric Power Co,DC
20068,Potomac Electric Power Co,DC
56901,Potomac Electric Power Co,DC
20419,Potomac Electric Power Co,DC
20412,Potomac Electric Power Co,DC
20380,Potomac Electric Power Co,DC
20389,Potomac Electric Power Co,DC
20507,Potomac Electric Power Co,DC
20029,Potomac Electric Power Co,DC
20023,Potomac Electric Power Co,DC
20022,Potomac Electric Power Co,DC
20027,Potomac Electric Power Co,DC
20511,Potomac Electric Power Co,DC
20510,Potomac Electric Power Co,DC
56920,Potomac Electric Power Co,DC
20270,Potomac Electric Power Co,DC
20591,Potomac Electric Power Co,DC
20590,Potomac Electric Power Co,DC
20599,Potomac Electric Power Co,DC
20026,Potomac Electric Power Co,DC
20429,Potomac Electric Power Co,DC
20428,Potomac Electric Power Co,DC
20076,Potomac Electric Power Co,DC
20074,Potomac Electric Power Co,DC
20075,Potomac Electric Power Co,DC
20073,Potomac Electric Power Co,DC
20070,Potomac Electric Power Co,DC
20071,Potomac Electric Power Co,DC
20078,Potomac Electric Power Co,DC
20558,Potomac Electric Power Co,DC
20544,Potomac Electric Power Co,DC
20542,Potomac Electric Power Co,DC
20540,Potomac Electric Power Co,DC
20541,Potomac Electric Power Co,DC
20548,Potomac Electric Power Co,DC
20549,Potomac Electric Power Co,DC
56933,Potomac Electric Power Co,DC
20402,Potomac Electric Power Co,DC
20401,Potomac Electric Power Co,DC
20407,Potomac Electric Power Co,DC
20241,Potomac Electric Power Co,DC
20245,Potomac Electric Power Co,DC
20244,Potomac Electric Power Co,DC
20398,Potomac Electric Power Co,DC
20392,Potomac Electric Power Co,DC
20391,Potomac Electric Power Co,DC
20235,Potomac Electric Power Co,DC
20444,Potomac Electric Power Co,DC
20442,Potomac Electric Power Co,DC
20216,Potomac Electric Power Co,DC
20217,Potomac Electric Power Co,DC
20214,Potomac Electric Power Co,DC
20215,Potomac Electric Power Co,DC
20210,Potomac Electric Power Co,DC
20211,Potomac Electric Power Co,DC
20219,Potomac Electric Power Co,DC
20537,Potomac Electric Power Co,DC
20536,Potomac Electric Power Co,DC
20532,Potomac Electric Power Co,DC
20531,Potomac Electric Power Co,DC
20539,Potomac Electric Power Co,DC
20538,Potomac Electric Power Co,DC
20088,Potomac Electric Power Co,DC
20299,Potomac Electric Power Co,DC
20310,Potomac Electric Power Co,DC
20314,Potomac Electric Power Co,DC
20318,Potomac Electric Power Co,DC
20403,Potomac Electric Power Co,DC
20406,Potomac Electric Power Co,DC
20404,Potomac Electric Power Co,DC
20409,Potomac Electric Power Co,DC
20395,Potomac Electric Power Co,DC
20394,Potomac Electric Power Co,DC
20277,Potomac Electric Power Co,DC
20058,Potomac Electric Power Co,DC
20055,Potomac Electric Power Co,DC
20056,Potomac Electric Power Co,DC
20050,Potomac Electric Power Co,DC
20051,Potomac Electric Power Co,DC
20053,Potomac Electric Power Co,DC
20388,Potomac Electric Power Co,DC
20266,Potomac Electric Power Co,DC
20262,Potomac Electric Power Co,DC
20261,Potomac Electric Power Co,DC
20260,Potomac Electric Power Co,DC
20268,Potomac Electric Power Co,DC
56944,Potomac Electric Power Co,DC
20340,Potomac Electric Power Co,DC
20223,Potomac Electric Power Co,DC
20222,Potomac Electric Power Co,DC
20472,Potomac Electric Power Co,DC
20470,Potomac Electric Power Co,DC
20060,Potomac Electric Power Co,DC
20069,Potomac Electric Power Co,DC
20451,Potomac Electric Power Co,DC
20555,Potomac Electric Power Co,DC
20554,Potomac Electric Power Co,DC
20557,Potomac Electric Power Co,DC
20553,Potomac Electric Power Co,DC
20559,Potomac Electric Power Co,DC
20425,Potomac Electric Power Co,DC
20042,Potomac Electric Power Co,DC
20420,Potomac Electric Power Co,DC
20238,Potomac Electric Power Co,DC
20239,Potomac Electric Power Co,DC
20237,Potomac Electric Power Co,DC
20232,Potomac Electric Power Co,DC
20233,Potomac Electric Power Co,DC
20370,Potomac Electric Power Co,DC
20374,Potomac Electric Power Co,DC
20376,Potomac Electric Power Co,DC
20265,Potomac Electric Power Co,DC
20424,Potomac Electric Power Co,DC
20426,Potomac Electric Power Co,DC
20421,Potomac Electric Power Co,DC
20423,Potomac Electric Power Co,DC
56915,Potomac Electric Power Co,DC
20469,Potomac Electric Power Co,DC
20468,Potomac Electric Power Co,DC
20038,Potomac Electric Power Co,DC
20039,Potomac Electric Power Co,DC
20033,Potomac Electric Power Co,DC
20030,Potomac Electric Power Co,DC
20035,Potomac Electric Power Co,DC
20453,Potomac Electric Power Co,DC
20456,Potomac Electric Power Co,DC
20204,Potomac Electric Power Co,DC
20207,Potomac Electric Power Co,DC
20206,Potomac Electric Power Co,DC
20203,Potomac Electric Power Co,DC
20208,Potomac Electric Power Co,DC
20509,Potomac Electric Power Co,DC
20501,Potomac Electric Power Co,DC
20506,Potomac Electric Power Co,DC
20504,Potomac Electric Power Co,DC
20505,Potomac Electric Power Co,DC
20571,Potomac Electric Power Co,DC
20578,Potomac Electric Power Co,DC
20289,Potomac Electric Power Co,DC
20581,Potomac Electric Power Co,DC
20586,Potomac Electric Power Co,DC
20218,Potomac Electric Power Co,DC
20463,Potomac Electric Power Co,DC
20434,Potomac Electric Power Co,DC
20435,Potomac Electric Power Co,DC
20433,Potomac Electric Power Co,DC
20439,Potomac Electric Power Co,DC
20077,Potomac Electric Power Co,DC
20043,Potomac Electric Power Co,DC
20040,Potomac Electric Power Co,DC
20047,Potomac Electric Power Co,DC
20046,Potomac Electric Power Co,DC
20045,Potomac Electric Power Co,DC
20044,Potomac Electric Power Co,DC
20573,Potomac Electric Power Co,DC
20572,Potomac Electric Power Co,DC
20570,Potomac Electric Power Co,DC
20577,Potomac Electric Power Co,DC
20576,Potomac Electric Power Co,DC
20575,Potomac Electric Power Co,DC
20579,Potomac Electric Power Co,DC
20533,Potomac Electric Power Co,DC
20710,Potomac Electric Power Co,MD
20886,Potomac Electric Power Co,MD
20812,Potomac Electric Power Co,MD
20747,Potomac Electric Power Co,MD
20711,Potomac Electric Power Co,MD
20745,Potomac Electric Power Co,MD
20876,Potomac Electric Power Co,MD
20841,Potomac Electric Power Co,MD
20861,Potomac Electric Power Co,MD
20851,Potomac Electric Power Co,MD
20910,Potomac Electric Power Co,MD
20607,Potomac Electric Power Co,MD
20748,Potomac Electric Power Co,MD
20855,Potomac Electric Power Co,MD
20814,Potomac Electric Power Co,MD
20877,Potomac Electric Power Co,MD
20852,Potomac Electric Power Co,MD
20903,Potomac Electric Power Co,MD
20721,Potomac Electric Power Co,MD
20706,Potomac Electric Power Co,MD
20712,Potomac Electric Power Co,MD
20817,Potomac Electric Power Co,MD
20901,Potomac Electric Power Co,MD
20899,Potomac Electric Power Co,MD
20880,Potomac Electric Power Co,MD
20613,Potomac Electric Power Co,MD
20772,Potomac Electric Power Co,MD
20746,Potomac Electric Power Co,MD
20818,Potomac Electric Power Co,MD
20868,Potomac Electric Power Co,MD
20874,Potomac Electric Power Co,MD
20770,Potomac Electric Power Co,MD
20754,Potomac Electric Power Co,MD
20860,Potomac Electric Power Co,MD
20762,Potomac Electric Power Co,MD
20815,Potomac Electric Power Co,MD
20783,Potomac Electric Power Co,MD
20837,Potomac Electric Power Co,MD
20894,Potomac Electric Power Co,MD
20735,Potomac Electric Power Co,MD
20854,Potomac Electric Power Co,MD
20774,Potomac Electric Power Co,MD
20896,Potomac Electric Power Co,MD
20744,Potomac Electric Power Co,MD
20785,Potomac Electric Power Co,MD
20722,Potomac Electric Power Co,MD
20832,Potomac Electric Power Co,MD
20790,Potomac Electric Power Co,MD
20782,Potomac Electric Power Co,MD
20850,Potomac Electric Power Co,MD
20623,Potomac Electric Power Co,MD
20879,Potomac Electric Power Co,MD
20882,Potomac Electric Power Co,MD
20705,Potomac Electric Power Co,MD
20878,Potomac Electric Power Co,MD
20833,Potomac Electric Power Co,MD
20906,Potomac Electric Power Co,MD
20892,Potomac Electric Power Co,MD
20902,Potomac Electric Power Co,MD
20904,Potomac Electric Power Co,MD
20853,Potomac Electric Power Co,MD
20737,Potomac Electric Power Co,MD
20912,Potomac Electric Power Co,MD
20743,Potomac Electric Power Co,MD
20816,Potomac Electric Power Co,MD
20708,Potomac Electric Power Co,MD
20905,Potomac Electric Power Co,MD
20895,Potomac Electric Power Co,MD
20784,Potomac Electric Power Co,MD
20781,Potomac Electric Power Co,MD
20740,Potomac Electric Power Co,MD
20830,Potomac Electric Power Co,MD
20753,Potomac Electric Power Co,MD
20752,Potomac Electric Power Co,MD
20757,Potomac Electric Power Co,MD
20849,Potomac Electric Power Co,MD
20848,Potomac Electric Power Co,MD
20847,Potomac Electric Power Co,MD
20915,Potomac Electric Power Co,MD
20914,Potomac Electric Power Co,MD
20916,Potomac Electric Power Co,MD
20911,Potomac Electric Power Co,MD
20913,Potomac Electric Power Co,MD
20918,Potomac Electric Power Co,MD
20787,Potomac Electric Power Co,MD
20788,Potomac Electric Power Co,MD
20997,Potomac Electric Power Co,MD
20993,Potomac Electric Power Co,MD
20891,Potomac Electric Power Co,MD
20897,Potomac Electric Power Co,MD
20898,Potomac Electric Power Co,MD
20704,Potomac Electric Power Co,MD
20810,Potomac Electric Power Co,MD
20811,Potomac Electric Power Co,MD
20813,Potomac Electric Power Co,MD
20731,Potomac Electric Power Co,MD
20738,Potomac Electric Power Co,MD
20825,Potomac Electric Power Co,MD
20824,Potomac Electric Power Co,MD
20827,Potomac Electric Power Co,MD
20885,Potomac Electric Power Co,MD
20889,Potomac Electric Power Co,MD
20768,Potomac Electric Power Co,MD
20697,Potomac Electric Power Co,MD
20792,Potomac Electric Power Co,MD
20791,Potomac Electric Power Co,MD
20799,Potomac Electric Power Co,MD
20883,Potomac Electric Power Co,MD
20741,Potomac Electric Power Co,MD
20742,Potomac Electric Power Co,MD
20749,Potomac Electric Power Co,MD
20857,Potomac Electric Power Co,MD
20859,Potomac Electric Power Co,MD
20884,Potomac Electric Power Co,MD
20907,Potomac Electric Power Co,MD
20908,Potomac Electric Power Co,MD
20775,Potomac Electric Power Co,MD
20771,Potomac Electric Power Co,MD
20773,Potomac Electric Power Co,MD
20750,Potomac Electric Power Co,MD
20408,Potomac Electric Power Co,DC
20560,Potomac Electric Power Co,DC
20375,Potomac Electric Power Co,DC
20062,Potomac Electric Power Co,DC
20059,Potomac Electric Power Co,DC
20015,Potomac Electric Power Co,DC
20226,Potomac Electric Power Co,DC
20565,Potomac Electric Power Co,DC
20213,Potomac Electric Power Co,DC
20003,Potomac Electric Power Co,DC
20585,Potomac Electric Power Co,DC
20301,Potomac Electric Power Co,DC
20393,Potomac Electric Power Co,DC
20037,Potomac Electric Power Co,DC
20319,Potomac Electric Power Co,DC
20017,Potomac Electric Power Co,DC
20240,Potomac Electric Power Co,DC
20006,Potomac Electric Power Co,DC
20534,Potomac Electric Power Co,DC
20011,Potomac Electric Power Co,DC
20201,Potomac Electric Power Co,DC
20057,Potomac Electric Power Co,DC
20052,Potomac Electric Power Co,DC
20543,Potomac Electric Power Co,DC
20373,Potomac Electric Power Co,DC
20566,Potomac Electric Power Co,DC
20049,Potomac Electric Power Co,DC
20032,Potomac Electric Power Co,DC
20250,Potomac Electric Power Co,DC
20007,Potomac Electric Power Co,DC
20221,Potomac Electric Power Co,DC
20415,Potomac Electric Power Co,DC
20303,Potomac Electric Power Co,DC
20002,Potomac Electric Power Co,DC
20005,Potomac Electric Power Co,DC
20001,Potomac Electric Power Co,DC
20597,Potomac Electric Power Co,DC
20228,Potomac Electric Power Co,DC
20502,Potomac Electric Power Co,DC
20437,Potomac Electric Power Co,DC
20431,Potomac Electric Power Co,DC
20460,Potomac Electric Power Co,DC
20515,Potomac Electric Power Co,DC
20012,Potomac Electric Power Co,DC
20503,Potomac Electric Power Co,DC
20447,Potomac Electric Power Co,DC
20418,Potomac Electric Power Co,DC
20016,Potomac Electric Power Co,DC
20242,Potomac Electric Power Co,DC
20508,Potomac Electric Power Co,DC
20500,Potomac Electric Power Co,DC
20390,Potomac Electric Power Co,DC
20551,Potomac Electric Power Co,DC
20523,Potomac Electric Power Co,DC
20008,Potomac Electric Power Co,DC
20227,Potomac Electric Power Co,DC
20036,Potomac Electric Power Co,DC
20009,Potomac Electric Power Co,DC
20427,Potomac Electric Power Co,DC
20372,Potomac Electric Power Co,DC
20020,Potomac Electric Power Co,DC
20024,Potomac Electric Power Co,DC
20593,Potomac Electric Power Co,DC
20230,Potomac Electric Power Co,DC
20405,Potomac Electric Power Co,DC
20436,Potomac Electric Power Co,DC
20019,Potomac Electric Power Co,DC
20520,Potomac Electric Power Co,DC
20580,Potomac Electric Power Co,DC
20317,Potomac Electric Power Co,DC
20004,Potomac Electric Power Co,DC
20422,Potomac Electric Power Co,DC
20535,Potomac Electric Power Co,DC
20010,Potomac Electric Power Co,DC
20547,Potomac Electric Power Co,DC
20552,Potomac Electric Power Co,DC
20530,Potomac Electric Power Co,DC
20202,Potomac Electric Power Co,DC
20229,Potomac Electric Power Co,DC
20018,Potomac Electric Power Co,DC
20441,Potomac Electric Power Co,DC
20251,Potomac Electric Power Co,DC
20254,Potomac Electric Power Co,DC
20594,Potomac Electric Power Co,DC
20082,Potomac Electric Power Co,DC
20081,Potomac Electric Power Co,DC
20080,Potomac Electric Power Co,DC
56972,Potomac Electric Power Co,DC
20355,Potomac Electric Power Co,DC
20350,Potomac Electric Power Co,DC
20440,Potomac Electric Power Co,DC
20013,Potomac Electric Power Co,DC
20546,Potomac Electric Power Co,DC
20212,Potomac Electric Power Co,DC
20220,Potomac Electric Power Co,DC
20224,Potomac Electric Power Co,DC
20521,Potomac Electric Power Co,DC
20522,Potomac Electric Power Co,DC
20524,Potomac Electric Power Co,DC
20525,Potomac Electric Power Co,DC
20526,Potomac Electric Power Co,DC
20527,Potomac Electric Power Co,DC
20528,Potomac Electric Power Co,DC
20529,Potomac Electric Power Co,DC
20098,Potomac Electric Power Co,DC
20090,Potomac Electric Power Co,DC
20091,Potomac Electric Power Co,DC
20097,Potomac Electric Power Co,DC
20414,Potomac Electric Power Co,DC
20416,Potomac Electric Power Co,DC
20410,Potomac Electric Power Co,DC
20411,Potomac Electric Power Co,DC
20413,Potomac Electric Power Co,DC
20061,Potomac Electric Power Co,DC
20306,Potomac Electric Power Co,DC
20307,Potomac Electric Power Co,DC
20065,Potomac Electric Power Co,DC
20064,Potomac Electric Power Co,DC
20067,Potomac Electric Power Co,DC
20066,Potomac Electric Power Co,DC
20063,Potomac Electric Power Co,DC
20068,Potomac Electric Power Co,DC
56901,Potomac Electric Power Co,DC
20419,Potomac Electric Power Co,DC
20412,Potomac Electric Power Co,DC
20380,Potomac Electric Power Co,DC
20389,Potomac Electric Power Co,DC
20507,Potomac Electric Power Co,DC
20029,Potomac Electric Power Co,DC
20023,Potomac Electric Power Co,DC
20022,Potomac Electric Power Co,DC
20027,Potomac Electric Power Co,DC
20511,Potomac Electric Power Co,DC
20510,Potomac Electric Power Co,DC
56920,Potomac Electric Power Co,DC
20270,Potomac Electric Power Co,DC
20591,Potomac Electric Power Co,DC
20590,Potomac Electric Power Co,DC
20599,Potomac Electric Power Co,DC
20026,Potomac Electric Power Co,DC
20429,Potomac Electric Power Co,DC
20428,Potomac Electric Power Co,DC
20076,Potomac Electric Power Co,DC
20074,Potomac Electric Power Co,DC
20075,Potomac Electric Power Co,DC
20073,Potomac Electric Power Co,DC
20070,Potomac Electric Power Co,DC
20071,Potomac Electric Power Co,DC
20078,Potomac Electric Power Co,DC
20558,Potomac Electric Power Co,DC
20544,Potomac Electric Power Co,DC
20542,Potomac Electric Power Co,DC
20540,Potomac Electric Power Co,DC
20541,Potomac Electric Power Co,DC
20548,Potomac Electric Power Co,DC
20549,Potomac Electric Power Co,DC
56933,Potomac Electric Power Co,DC
20402,Potomac Electric Power Co,DC
20401,Potomac Electric Power Co,DC
20407,Potomac Electric Power Co,DC
20241,Potomac Electric Power Co,DC
20245,Potomac Electric Power Co,DC
20244,Potomac Electric Power Co,DC
20398,Potomac Electric Power Co,DC
20392,Potomac Electric Power Co,DC
20391,Potomac Electric Power Co,DC
20235,Potomac Electric Power Co,DC
20444,Potomac Electric Power Co,DC
20442,Potomac Electric Power Co,DC
20216,Potomac Electric Power Co,DC
20217,Potomac Electric Power Co,DC
20214,Potomac Electric Power Co,DC
20215,Potomac Electric Power Co,DC
20210,Potomac Electric Power Co,DC
20211,Potomac Electric Power Co,DC
20219,Potomac Electric Power Co,DC
20537,Potomac Electric Power Co,DC
20536,Potomac Electric Power Co,DC
20532,Potomac Electric Power Co,DC
20531,Potomac Electric Power Co,DC
20539,Potomac Electric Power Co,DC
20538,Potomac Electric Power Co,DC
20088,Potomac Electric Power Co,DC
20299,Potomac Electric Power Co,DC
20310,Potomac Electric Power Co,DC
20314,Potomac Electric Power Co,DC
20318,Potomac Electric Power Co,DC
20403,Potomac Electric Power Co,DC
20406,Potomac Electric Power Co,DC
20404,Potomac Electric Power Co,DC
20409,Potomac Electric Power Co,DC
20395,Potomac Electric Power Co,DC
20394,Potomac Electric Power Co,DC
20277,Potomac Electric Power Co,DC
20058,Potomac Electric Power Co,DC
20055,Potomac Electric Power Co,DC
20056,Potomac Electric Power Co,DC
20050,Potomac Electric Power Co,DC
20051,Potomac Electric Power Co,DC
20053,Potomac Electric Power Co,DC
20388,Potomac Electric Power Co,DC
20266,Potomac Electric Power Co,DC
20262,Potomac Electric Power Co,DC
20261,Potomac Electric Power Co,DC
20260,Potomac Electric Power Co,DC
20268,Potomac Electric Power Co,DC
56944,Potomac Electric Power Co,DC
20340,Potomac Electric Power Co,DC
20223,Potomac Electric Power Co,DC
20222,Potomac Electric Power Co,DC
20472,Potomac Electric Power Co,DC
20470,Potomac Electric Power Co,DC
20060,Potomac Electric Power Co,DC
20069,Potomac Electric Power Co,DC
20451,Potomac Electric Power Co,DC
20555,Potomac Electric Power Co,DC
20554,Potomac Electric Power Co,DC
20557,Potomac Electric Power Co,DC
20553,Potomac Electric Power Co,DC
20559,Potomac Electric Power Co,DC
20425,Potomac Electric Power Co,DC
20042,Potomac Electric Power Co,DC
20420,Potomac Electric Power Co,DC
20238,Potomac Electric Power Co,DC
20239,Potomac Electric Power Co,DC
20237,Potomac Electric Power Co,DC
20232,Potomac Electric Power Co,DC
20233,Potomac Electric Power Co,DC
20370,Potomac Electric Power Co,DC
20374,Potomac Electric Power Co,DC
20376,Potomac Electric Power Co,DC
20265,Potomac Electric Power Co,DC
20424,Potomac Electric Power Co,DC
20426,Potomac Electric Power Co,DC
20421,Potomac Electric Power Co,DC
20423,Potomac Electric Power Co,DC
56915,Potomac Electric Power Co,DC
20469,Potomac Electric Power Co,DC
20468,Potomac Electric Power Co,DC
20038,Potomac Electric Power Co,DC
20039,Potomac Electric Power Co,DC
20033,Potomac Electric Power Co,DC
20030,Potomac Electric Power Co,DC
20035,Potomac Electric Power Co,DC
20453,Potomac Electric Power Co,DC
20456,Potomac Electric Power Co,DC
20204,Potomac Electric Power Co,DC
20207,Potomac Electric Power Co,DC
20206,Potomac Electric Power Co,DC
20203,Potomac Electric Power Co,DC
20208,Potomac Electric Power Co,DC
20509,Potomac Electric Power Co,DC
20501,Potomac Electric Power Co,DC
20506,Potomac Electric Power Co,DC
20504,Potomac Electric Power Co,DC
20505,Potomac Electric Power Co,DC
20571,Potomac Electric Power Co,DC
20578,Potomac Electric Power Co,DC
20289,Potomac Electric Power Co,DC
20581,Potomac Electric Power Co,DC
20586,Potomac Electric Power Co,DC
20218,Potomac Electric Power Co,DC
20463,Potomac Electric Power Co,DC
20434,Potomac Electric Power Co,DC
20435,Potomac Electric Power Co,DC
20433,Potomac Electric Power Co,DC
20439,Potomac Electric Power Co,DC
20077,Potomac Electric Power Co,DC
20043,Potomac Electric Power Co,DC
20040,Potomac Electric Power Co,DC
20047,Potomac Electric Power Co,DC
20046,Potomac Electric Power Co,DC
20045,Potomac Electric Power Co,DC
20044,Potomac Electric Power Co,DC
20573,Potomac Electric Power Co,DC
20572,Potomac Electric Power Co,DC
20570,Potomac Electric Power Co,DC
20577,Potomac Electric Power Co,DC
20576,Potomac Electric Power Co,DC
20575,Potomac Electric Power Co,DC
20579,Potomac Electric Power Co,DC
20533,Potomac Electric Power Co,DC
20710,Potomac Electric Power Co,MD
20886,Potomac Electric Power Co,MD
20812,Potomac Electric Power Co,MD
20747,Potomac Electric Power Co,MD
20711,Potomac Electric Power Co,MD
20745,Potomac Electric Power Co,MD
20876,Potomac Electric Power Co,MD
20841,Potomac Electric Power Co,MD
20861,Potomac Electric Power Co,MD
20851,Potomac Electric Power Co,MD
20910,Potomac Electric Power Co,MD
20607,Potomac Electric Power Co,MD
20748,Potomac Electric Power Co,MD
20855,Potomac Electric Power Co,MD
20814,Potomac Electric Power Co,MD
20877,Potomac Electric Power Co,MD
20852,Potomac Electric Power Co,MD
20903,Potomac Electric Power Co,MD
20721,Potomac Electric Power Co,MD
20706,Potomac Electric Power Co,MD
20712,Potomac Electric Power Co,MD
20817,Potomac Electric Power Co,MD
20901,Potomac Electric Power Co,MD
20899,Potomac Electric Power Co,MD
20880,Potomac Electric Power Co,MD
20613,Potomac Electric Power Co,MD
20772,Potomac Electric Power Co,MD
20746,Potomac Electric Power Co,MD
20818,Potomac Electric Power Co,MD
20868,Potomac Electric Power Co,MD
20874,Potomac Electric Power Co,MD
20770,Potomac Electric Power Co,MD
20754,Potomac Electric Power Co,MD
20860,Potomac Electric Power Co,MD
20762,Potomac Electric Power Co,MD
20815,Potomac Electric Power Co,MD
20783,Potomac Electric Power Co,MD
20837,Potomac Electric Power Co,MD
20894,Potomac Electric Power Co,MD
20735,Potomac Electric Power Co,MD
20854,Potomac Electric Power Co,MD
20774,Potomac Electric Power Co,MD
20896,Potomac Electric Power Co,MD
20744,Potomac Electric Power Co,MD
20785,Potomac Electric Power Co,MD
20722,Potomac Electric Power Co,MD
20832,Potomac Electric Power Co,MD
20790,Potomac Electric Power Co,MD
20782,Potomac Electric Power Co,MD
20850,Potomac Electric Power Co,MD
20623,Potomac Electric Power Co,MD
20879,Potomac Electric Power Co,MD
20882,Potomac Electric Power Co,MD
20705,Potomac Electric Power Co,MD
20878,Potomac Electric Power Co,MD
20833,Potomac Electric Power Co,MD
20906,Potomac Electric Power Co,MD
20892,Potomac Electric Power Co,MD
20902,Potomac Electric Power Co,MD
20904,Potomac Electric Power Co,MD
20853,Potomac Electric Power Co,MD
20737,Potomac Electric Power Co,MD
20912,Potomac Electric Power Co,MD
20743,Potomac Electric Power Co,MD
20816,Potomac Electric Power Co,MD
20708,Potomac Electric Power Co,MD
20905,Potomac Electric Power Co,MD
20895,Potomac Electric Power Co,MD
20784,Potomac Electric Power Co,MD
20781,Potomac Electric Power Co,MD
20740,Potomac Electric Power Co,MD
20830,Potomac Electric Power Co,MD
20753,Potomac Electric Power Co,MD
20752,Potomac Electric Power Co,MD
20757,Potomac Electric Power Co,MD
20849,Potomac Electric Power Co,MD
20848,Potomac Electric Power Co,MD
20847,Potomac Electric Power Co,MD
20915,Potomac Electric Power Co,MD
20914,Potomac Electric Power Co,MD
20916,Potomac Electric Power Co,MD
20911,Potomac Electric Power Co,MD
20913,Potomac Electric Power Co,MD
20918,Potomac Electric Power Co,MD
20787,Potomac Electric Power Co,MD
20788,Potomac Electric Power Co,MD
20997,Potomac Electric Power Co,MD
20993,Potomac Electric Power Co,MD
20891,Potomac Electric Power Co,MD
20897,Potomac Electric Power Co,MD
20898,Potomac Electric Power Co,MD
20704,Potomac Electric Power Co,MD
20810,Potomac Electric Power Co,MD
20811,Potomac Electric Power Co,MD
20813,Potomac Electric Power Co,MD
20731,Potomac Electric Power Co,MD
20738,Potomac Electric Power Co,MD
20825,Potomac Electric Power Co,MD
20824,Potomac Electric Power Co,MD
20827,Potomac Electric Power Co,MD
20885,Potomac Electric Power Co,MD
20889,Potomac Electric Power Co,MD
20768,Potomac Electric Power Co,MD
20697,Potomac Electric Power Co,MD
20792,Potomac Electric Power Co,MD
20791,Potomac Electric Power Co,MD
20799,Potomac Electric Power Co,MD
20883,Potomac Electric Power Co,MD
20741,Potomac Electric Power Co,MD
20742,Potomac Electric Power Co,MD
20749,Potomac Electric Power Co,MD
20857,Potomac Electric Power Co,MD
20859,Potomac Electric Power Co,MD
20884,Potomac Electric Power Co,MD
20907,Potomac Electric Power Co,MD
20908,Potomac Electric Power Co,MD
20775,Potomac Electric Power Co,MD
20771,Potomac Electric Power Co,MD
20773,Potomac Electric Power Co,MD
20750,Potomac Electric Power Co,MD
20613,Southern Maryland Electric Cooperative Inc.,MD
20607,Southern Maryland Electric Cooperative Inc.,MD
20616,Southern Maryland Electric Cooperative Inc.,MD
20736,Southern Maryland Electric Cooperative Inc.,MD
20640,Southern Maryland Electric Cooperative Inc.,MD
20658,Southern Maryland Electric Cooperative Inc.,MD
20603,Southern Maryland Electric Cooperative Inc.,MD
20695,Southern Maryland Electric Cooperative Inc.,MD
20675,Southern Maryland Electric Cooperative Inc.,MD
20602,Southern Maryland Electric Cooperative Inc.,MD
20464,Southern Maryland Electric Cooperative Inc.,MD
20617,Southern Maryland Electric Cooperative Inc.,MD
20622,Southern Maryland Electric Cooperative Inc.,MD
20611,Southern Maryland Electric Cooperative Inc.,MD
20693,Southern Maryland Electric Cooperative Inc.,MD
20650,Southern Maryland Electric Cooperative Inc.,MD
20653,Southern Maryland Electric Cooperative Inc.,MD
20664,Southern Maryland Electric Cooperative Inc.,MD
20609,Southern Maryland Electric Cooperative Inc.,MD
20624,Southern Maryland Electric Cooperative Inc.,MD
20622,Southern Maryland Electric Cooperative Inc.,MD
20736,Southern Maryland Electric Cooperative Inc.,MD
20634,Southern Maryland Electric Cooperative Inc.,MD
20670,Southern Maryland Electric Cooperative Inc.,MD
20606,Southern Maryland Electric Cooperative Inc.,MD
20646,Southern Maryland Electric Cooperative Inc.,MD
20695,Southern Maryland Electric Cooperative Inc.,MD
20603,Southern Maryland Electric Cooperative Inc.,MD
20601,Southern Maryland Electric Cooperative Inc.,MD
20602,Southern Maryland Electric Cooperative Inc.,MD
20677,Southern Maryland Electric Cooperative Inc.,MD
20637,Southern Maryland Electric Cooperative Inc.,MD
20678,Southern Maryland Electric Cooperative Inc.,MD
20685,Southern Maryland Electric Cooperative Inc.,MD
20657,Southern Maryland Electric Cooperative Inc.,MD
20636,Southern Maryland Electric Cooperative Inc.,MD
20687,Southern Maryland Electric Cooperative Inc.,MD
20680,Southern Maryland Electric Cooperative Inc.,MD
20684,Southern Maryland Electric Cooperative Inc.,MD
20628,Southern Maryland Electric Cooperative Inc.,MD
20653,Southern Maryland Electric Cooperative Inc.,MD
20670,Southern Maryland Electric Cooperative Inc.,MD
20686,Southern Maryland Electric Cooperative Inc.,MD
20667,Southern Maryland Electric Cooperative Inc.,MD
20634,Southern Maryland Electric Cooperative Inc.,MD
20674,Southern Maryland Electric Cooperative Inc.,MD
20630,Southern Maryland Electric Cooperative Inc.,MD
20690,Southern Maryland Electric Cooperative Inc.,MD
20692,Southern Maryland Electric Cooperative Inc.,MD
20620,Southern Maryland Electric Cooperative Inc.,MD
20619,Southern Maryland Electric Cooperative Inc.,MD
20688,Southern Maryland Electric Cooperative Inc.,MD
20692,Southern Maryland Electric Cooperative Inc.,MD